"role","job_link","department","city_1","city_2"
"Accounts Receivables Specialist","https://boards.greenhouse.io/cloudflare/jobs/7006451?gh_jid=7006451","Accounting & Finance","Lisbon, Portugal",""
"Contract Negotiator","https://boards.greenhouse.io/cloudflare/jobs/7560645?gh_jid=7560645","Accounting & Finance","Mexico City, Mexico",""
"Corporate Finance Manager","https://boards.greenhouse.io/cloudflare/jobs/7456389?gh_jid=7456389","Accounting & Finance","Austin, US","Dallas, US"
"GL Accountant","https://boards.greenhouse.io/cloudflare/jobs/7411392?gh_jid=7411392","Accounting & Finance","Lisbon, Portugal","Mexico City, Mexico"
"Internal Audit Data Science Engineer","https://boards.greenhouse.io/cloudflare/jobs/7376063?gh_jid=7376063","Accounting & Finance","Bengaluru, India",""
"Internal Audit Intern (Summer 2026)","https://boards.greenhouse.io/cloudflare/jobs/7652742?gh_jid=7652742","Accounting & Finance","Austin, US",""
"Senior Revenue Accountant","https://boards.greenhouse.io/cloudflare/jobs/7522891?gh_jid=7522891","Accounting & Finance","Austin, US",""
"Solution Architect - Varicent","https://boards.greenhouse.io/cloudflare/jobs/7461900?gh_jid=7461900","Accounting & Finance","Austin, US","Toronto, Canada"
"Tax Intern","https://boards.greenhouse.io/cloudflare/jobs/7719060?gh_jid=7719060","Accounting & Finance","Austin, US",""
"Executive Assistant- Network & Infrastructure Strategy","https://boards.greenhouse.io/cloudflare/jobs/7623575?gh_jid=7623575","Admin","Austin, US",""
"Executive Assistant, ANZ","https://boards.greenhouse.io/cloudflare/jobs/7653281?gh_jid=7653281","Admin","Sydney, Australia",""
"Senior Administrative Assistant - GTM","https://boards.greenhouse.io/cloudflare/jobs/7623859?gh_jid=7623859","Admin","Austin, US","New York, US"
"Senior Administrative Assistant- People & Places","https://boards.greenhouse.io/cloudflare/jobs/7595085?gh_jid=7595085","Admin","Austin, US",""
"Senior Administrative Assistant- People Team","https://boards.greenhouse.io/cloudflare/jobs/7599800?gh_jid=7599800","Admin","New York, US","Washington DC, US"
"Public Relations Director","https://boards.greenhouse.io/cloudflare/jobs/7442068?gh_jid=7442068","Communications","Austin, US","San Francisco, US"
"Customer Solutions Engineer","https://boards.greenhouse.io/cloudflare/jobs/7610303?gh_jid=7610303","Customer Support","Paris, France",""
"Customer Solutions Engineer","https://boards.greenhouse.io/cloudflare/jobs/7610334?gh_jid=7610334","Customer Support","Lisbon, Portugal","Spain"
"Escalation Engineer, CDN/Developer Platform","https://boards.greenhouse.io/cloudflare/jobs/7228933?gh_jid=7228933","Customer Support","Austin, US",""
"Escalation Engineer, Zero Trust","https://boards.greenhouse.io/cloudflare/jobs/7591913?gh_jid=7591913","Customer Support","Austin, US",""
"Manager - Technical Support","https://boards.greenhouse.io/cloudflare/jobs/7601717?gh_jid=7601717","Customer Support","Bengaluru, India",""
"Network Security Engineer","https://boards.greenhouse.io/cloudflare/jobs/7532928?gh_jid=7532928","Customer Support","Singapore","Sydney, Australia"
"Senior Technical Support Engineer, Application Performance","https://boards.greenhouse.io/cloudflare/jobs/7612087?gh_jid=7612087","Customer Support","Austin, US",""
"Technical Support Engineer, Application Performance (Austin)","https://boards.greenhouse.io/cloudflare/jobs/7612030?gh_jid=7612030","Customer Support","Austin, US",""
"Technical Support Engineer, Application Performance (Mexico City)","https://boards.greenhouse.io/cloudflare/jobs/7075269?gh_jid=7075269","Customer Support","Mexico City, Mexico",""
"Data Analyst","https://boards.greenhouse.io/cloudflare/jobs/7275802?gh_jid=7275802","Data Intelligence and Analytics","Lisbon, Portugal","London, UK"
"Senior Machine Learning Engineer","https://boards.greenhouse.io/cloudflare/jobs/7581107?gh_jid=7581107","Data Intelligence and Analytics","Bengaluru, India",""
"AI Automation Intern (M&A Integration Ops) (Summer 2026)","https://boards.greenhouse.io/cloudflare/jobs/7589903?gh_jid=7589903","Early Talent","Austin, US","New York, US"
"Business Analyst Intern, Marketing (Summer 2026)","https://boards.greenhouse.io/cloudflare/jobs/7729700?gh_jid=7729700","Early Talent","Singapore",""
"Business Analyst Intern, Revenue Operations (AI Innovation) (Summer 2026)","https://boards.greenhouse.io/cloudflare/jobs/7761468?gh_jid=7761468","Early Talent","Austin, US",""
"Business Development Representative (BDR) Intern (Summer 2026)","https://boards.greenhouse.io/cloudflare/jobs/7652528?gh_jid=7652528","Early Talent","Austin, US",""
"Business Development Representative Intern (Summer 2026)","https://boards.greenhouse.io/cloudflare/jobs/7714540?gh_jid=7714540","Early Talent","London, UK",""
"Content Marketing Intern (Summer 2026)","https://boards.greenhouse.io/cloudflare/jobs/7733145?gh_jid=7733145","Early Talent","Austin, US",""
"Customer Advocacy Intern (Summer 2026)","https://boards.greenhouse.io/cloudflare/jobs/7743202?gh_jid=7743202","Early Talent","Austin, US","San Francisco, US"
"Customer Solutions Engineer Intern (Summer 2026)","https://boards.greenhouse.io/cloudflare/jobs/7758279?gh_jid=7758279","Early Talent","Singapore",""
"Data Analytics Intern (Summer 2026)","https://boards.greenhouse.io/cloudflare/jobs/7668989?gh_jid=7668989","Early Talent","Austin, US",""
"Data and Technology - Legal Privacy Intern (Summer 2026)","https://boards.greenhouse.io/cloudflare/jobs/7659508?gh_jid=7659508","Early Talent","Washington DC, US",""
"Data and Technology - Operations and AI Innovation Intern (Summer 2026)","https://boards.greenhouse.io/cloudflare/jobs/7675578?gh_jid=7675578","Early Talent","Lisbon, Portugal",""
"Data Engineer Intern (Summer 2026)","https://boards.greenhouse.io/cloudflare/jobs/7374706?gh_jid=7374706","Early Talent","Austin, US",""
"DCSC Automation Coordinator Intern","https://boards.greenhouse.io/cloudflare/jobs/7751595?gh_jid=7751595","Early Talent","London, UK",""
"EIAM Business Enablement & Operations Intern (Summer 2026)","https://boards.greenhouse.io/cloudflare/jobs/7575040?gh_jid=7575040","Early Talent","Austin, US",""
"GRC Team Intern (Summer 2026)","https://boards.greenhouse.io/cloudflare/jobs/7577564?gh_jid=7577564","Early Talent","London, UK",""
"GRC Team Intern (Summer 2026)","https://boards.greenhouse.io/cloudflare/jobs/7578549?gh_jid=7578549","Early Talent","Lisbon, Portugal",""
"Growth Marketing Intern, Self-Serve (Summer 2026)","https://boards.greenhouse.io/cloudflare/jobs/7669081?gh_jid=7669081","Early Talent","Austin, US",""
"Infrastructure Deployment Engineer Intern","https://boards.greenhouse.io/cloudflare/jobs/7759602?gh_jid=7759602","Early Talent","Lisbon, Portugal","London, UK"
"Legal Compliance Intern (Summer 2026)","https://boards.greenhouse.io/cloudflare/jobs/7766813?gh_jid=7766813","Early Talent","Lisbon, Portugal",""
"Marketing Events and Campaigns Intern (3 months, September - December 2026)","https://boards.greenhouse.io/cloudflare/jobs/7733377?gh_jid=7733377","Early Talent","London, UK",""
"Marketing Events and Campaigns Intern (Summer 2026)","https://boards.greenhouse.io/cloudflare/jobs/7733327?gh_jid=7733327","Early Talent","Austin, US","San Francisco, US"
"Marketing Operations Intern (Summer 2026)","https://boards.greenhouse.io/cloudflare/jobs/7733532?gh_jid=7733532","Early Talent","Austin, US","New York, US"
"Marketing Project Manager Intern (AI Innovation) (Summer 2026)","https://boards.greenhouse.io/cloudflare/jobs/7729606?gh_jid=7729606","Early Talent","Austin, US","New York, US"
"Marketing: AI Discoverability & Optimization Intern (Summer 2026)","https://boards.greenhouse.io/cloudflare/jobs/7729719?gh_jid=7729719","Early Talent","Austin, US",""
"MBA Product Marketing Intern (Summer 2026)","https://boards.greenhouse.io/cloudflare/jobs/7712472?gh_jid=7712472","Early Talent","Austin, US","New York, US"
"Network Deployment Engineer Intern (Summer 2026)","https://boards.greenhouse.io/cloudflare/jobs/7714657?gh_jid=7714657","Early Talent","Singapore",""
"People Team Intern - HR Operations & AI Innovation (Summer 2026)","https://boards.greenhouse.io/cloudflare/jobs/7606240?gh_jid=7606240","Early Talent","Austin, US","San Francisco, US"
"People Team Intern - HR Operations & AI Innovation (Summer 2026)","https://boards.greenhouse.io/cloudflare/jobs/7708637?gh_jid=7708637","Early Talent","Lisbon, Portugal",""
"People Team Intern - HR Operations & AI Innovation (Summer 2026)","https://boards.greenhouse.io/cloudflare/jobs/7708660?gh_jid=7708660","Early Talent","London, UK",""
"Physical Security Intern (Summer 2026)","https://boards.greenhouse.io/cloudflare/jobs/7577080?gh_jid=7577080","Early Talent","Austin, US",""
"Product Design Intern (Summer 2026)","https://boards.greenhouse.io/cloudflare/jobs/7492740?gh_jid=7492740","Early Talent","Lisbon, Portugal",""
"Product Design Intern (Summer 2026)","https://boards.greenhouse.io/cloudflare/jobs/7494477?gh_jid=7494477","Early Talent","London, UK",""
"Product Manager Intern (Summer 2026)","https://boards.greenhouse.io/cloudflare/jobs/7362080?gh_jid=7362080","Early Talent","Lisbon, Portugal",""
"Product Manager Intern (Summer 2026)","https://boards.greenhouse.io/cloudflare/jobs/7362103?gh_jid=7362103","Early Talent","London, UK",""
"Product Manager Intern (Summer 2026)","https://boards.greenhouse.io/cloudflare/jobs/7362113?gh_jid=7362113","Early Talent","Austin, US",""
"Red Team Security Intern (Summer 2026)","https://boards.greenhouse.io/cloudflare/jobs/7578802?gh_jid=7578802","Early Talent","London, UK",""
"Research Engineer Intern (Summer 2026)","https://boards.greenhouse.io/cloudflare/jobs/7358525?gh_jid=7358525","Early Talent","Austin, US",""
"Research Engineer Intern (Summer 2026)","https://boards.greenhouse.io/cloudflare/jobs/7359136?gh_jid=7359136","Early Talent","Lisbon, Portugal",""
"Research Engineer Intern (Summer 2026)","https://boards.greenhouse.io/cloudflare/jobs/7359147?gh_jid=7359147","Early Talent","London, UK",""
"Revenue Operations Intern - Enablement (AI Innovation) (Summer 2026)","https://boards.greenhouse.io/cloudflare/jobs/7761397?gh_jid=7761397","Early Talent","Austin, US",""
"Sales and Marketing Project Manager Intern (Summer 2026)","https://boards.greenhouse.io/cloudflare/jobs/7736669?gh_jid=7736669","Early Talent","Singapore",""
"Sales Bootcamp Intern (Summer 2026)","https://boards.greenhouse.io/cloudflare/jobs/7760450?gh_jid=7760450","Early Talent","Singapore",""
"Sales Intern (Summer 2026)","https://boards.greenhouse.io/cloudflare/jobs/7597497?gh_jid=7597497","Early Talent","Austin, US",""
"Sales Intern (Summer 2026)","https://boards.greenhouse.io/cloudflare/jobs/7713729?gh_jid=7713729","Early Talent","London, UK",""
"Sales Project Manager Intern (AI Innovation) (Summer 2026)","https://boards.greenhouse.io/cloudflare/jobs/7773799?gh_jid=7773799","Early Talent","Austin, US","San Francisco, US"
"Security Engineer Intern (Summer 2026)","https://boards.greenhouse.io/cloudflare/jobs/7582150?gh_jid=7582150","Early Talent","Austin, US",""
"Security Engineer Intern (Summer 2026)","https://boards.greenhouse.io/cloudflare/jobs/7582157?gh_jid=7582157","Early Talent","Lisbon, Portugal",""
"Security Engineer Intern (Summer 2026)","https://boards.greenhouse.io/cloudflare/jobs/7582169?gh_jid=7582169","Early Talent","London, UK",""
"Software Engineer Intern (Summer 2026)","https://boards.greenhouse.io/cloudflare/jobs/7296923?gh_jid=7296923","Early Talent","London, UK",""
"Software Engineer Intern (Summer 2026)","https://boards.greenhouse.io/cloudflare/jobs/7296929?gh_jid=7296929","Early Talent","Lisbon, Portugal",""
"Software Engineer Intern (Summer 2026) - Austin, TX","https://boards.greenhouse.io/cloudflare/jobs/7206269?gh_jid=7206269","Early Talent","Austin, US",""
"Solutions Engineer Intern (Summer 2026)","https://boards.greenhouse.io/cloudflare/jobs/7738800?gh_jid=7738800","Early Talent","London, UK",""
"Solutions Engineer Intern (Summer 2026)","https://boards.greenhouse.io/cloudflare/jobs/7738938?gh_jid=7738938","Early Talent","Lisbon, Portugal",""
"Solutions Engineer Intern (Summer 2026)","https://boards.greenhouse.io/cloudflare/jobs/7765500?gh_jid=7765500","Early Talent","Singapore",""
"Talent Analytics Intern (Summer 2026)","https://boards.greenhouse.io/cloudflare/jobs/7566017?gh_jid=7566017","Early Talent","Austin, US",""
"Technical Program Manager Intern (Summer 2026)","https://boards.greenhouse.io/cloudflare/jobs/7702175?gh_jid=7702175","Early Talent","Austin, US","San Francisco, US"
"Technical Program Manager Intern (Summer 2026)","https://boards.greenhouse.io/cloudflare/jobs/7702476?gh_jid=7702476","Early Talent","Lisbon, Portugal","London, UK"
"Technical Support Engineer Intern (Summer 2026)","https://boards.greenhouse.io/cloudflare/jobs/7726055?gh_jid=7726055","Early Talent","Austin, US",""
"Technical Support Engineer Intern (Summer 2026)","https://boards.greenhouse.io/cloudflare/jobs/7726879?gh_jid=7726879","Early Talent","London, UK",""
"Technical Support Engineer Intern (Summer 2026)","https://boards.greenhouse.io/cloudflare/jobs/7726977?gh_jid=7726977","Early Talent","Lisbon, Portugal",""
"Threat Detection and Incident Response Intern (Summer 2026)","https://boards.greenhouse.io/cloudflare/jobs/7577205?gh_jid=7577205","Early Talent","Austin, US",""
"Threat Detection and Incident Response Intern (Summer 2026)","https://boards.greenhouse.io/cloudflare/jobs/7578761?gh_jid=7578761","Early Talent","Lisbon, Portugal",""
"AI Engineer","https://boards.greenhouse.io/cloudflare/jobs/7560306?gh_jid=7560306","Emerging Technology & Incubation","Austin, US",""
"Design Engineer, Radar","https://boards.greenhouse.io/cloudflare/jobs/7449149?gh_jid=7449149","Emerging Technology & Incubation","Lisbon, Portugal",""
"Director, Developer GTM","https://boards.greenhouse.io/cloudflare/jobs/7428695?gh_jid=7428695","Emerging Technology & Incubation","Austin, US","New York, US"
"Director, Developer Partner Strategy","https://boards.greenhouse.io/cloudflare/jobs/7424189?gh_jid=7424189","Emerging Technology & Incubation","Austin, US","New York, US"
"Engineering Manager - Queues","https://boards.greenhouse.io/cloudflare/jobs/7573864?gh_jid=7573864","Emerging Technology & Incubation","Atlanta, US","Austin, US"
"Engineering Manager - Workers Runtime, Edge Team","https://boards.greenhouse.io/cloudflare/jobs/7653558?gh_jid=7653558","Emerging Technology & Incubation","Austin, US","Lisbon, Portugal"
"Engineering Manager, R2 Storage","https://boards.greenhouse.io/cloudflare/jobs/7261519?gh_jid=7261519","Emerging Technology & Incubation","Austin, US","London, UK"
"Forward Deployed Engineer","https://boards.greenhouse.io/cloudflare/jobs/7728103?gh_jid=7728103","Emerging Technology & Incubation","San Francisco, US",""
"Forward Deployed Engineer","https://boards.greenhouse.io/cloudflare/jobs/7731593?gh_jid=7731593","Emerging Technology & Incubation","Sydney, Australia",""
"Forward Deployed Engineer","https://boards.greenhouse.io/cloudflare/jobs/7731626?gh_jid=7731626","Emerging Technology & Incubation","Toronto, Canada",""
"Forward Deployed Engineer","https://boards.greenhouse.io/cloudflare/jobs/7731685?gh_jid=7731685","Emerging Technology & Incubation","Seattle, US",""
"Frontend Engineer, AI Crawl Control","https://boards.greenhouse.io/cloudflare/jobs/7591586?gh_jid=7591586","Emerging Technology & Incubation","Lisbon, Portugal",""
"Frontend Engineer, Media Platform","https://boards.greenhouse.io/cloudflare/jobs/7304810?gh_jid=7304810","Emerging Technology & Incubation","Austin, US",""
"Manager, Research","https://boards.greenhouse.io/cloudflare/jobs/7215519?gh_jid=7215519","Emerging Technology & Incubation","Austin, US",""
"Principal VM Engineer – Workers Runtime Team","https://boards.greenhouse.io/cloudflare/jobs/6718312?gh_jid=6718312","Emerging Technology & Incubation","Austin, US","Lisbon, Portugal"
"Product Manager, Privacy & Transparency","https://boards.greenhouse.io/cloudflare/jobs/7684987?gh_jid=7684987","Emerging Technology & Incubation","Austin, US","Lisbon, Portugal"
"Product Manager, Workers for Platforms","https://boards.greenhouse.io/cloudflare/jobs/7403148?gh_jid=7403148","Emerging Technology & Incubation","Lisbon, Portugal","London, UK"
"Senior Design Engineer","https://boards.greenhouse.io/cloudflare/jobs/6998777?gh_jid=6998777","Emerging Technology & Incubation","Austin, US","British Columbia, Canada"
"Senior Director, Developer Product Marketing","https://boards.greenhouse.io/cloudflare/jobs/7416879?gh_jid=7416879","Emerging Technology & Incubation","Austin, US","San Francisco, US"
"Senior Manager, Research","https://boards.greenhouse.io/cloudflare/jobs/7314651?gh_jid=7314651","Emerging Technology & Incubation","Austin, US",""
"Senior Software Engineer, AI Applications Tooling","https://boards.greenhouse.io/cloudflare/jobs/6628327?gh_jid=6628327","Emerging Technology & Incubation","Austin, US","Lisbon, Portugal"
"Senior Software Engineer, Durable Objects (DO)","https://boards.greenhouse.io/cloudflare/jobs/5390243?gh_jid=5390243","Emerging Technology & Incubation","Austin, US","London, UK"
"Senior Software Engineer, Storage Infrastructure","https://boards.greenhouse.io/cloudflare/jobs/7629805?gh_jid=7629805","Emerging Technology & Incubation","Austin, US","Seattle, US"
"Senior Software Engineer, Workers Runtime","https://boards.greenhouse.io/cloudflare/jobs/6578726?gh_jid=6578726","Emerging Technology & Incubation","Austin, US","Lisbon, Portugal"
"Senior Systems Engineer, Cloudflare Data Platform","https://boards.greenhouse.io/cloudflare/jobs/7090955?gh_jid=7090955","Emerging Technology & Incubation","Austin, US","London, UK"
"Senior Systems Engineer, Durable Objects DevEx","https://boards.greenhouse.io/cloudflare/jobs/7408167?gh_jid=7408167","Emerging Technology & Incubation","Austin, US","Lisbon, Portugal"
"Senior Systems Engineer, Pipelines","https://boards.greenhouse.io/cloudflare/jobs/7093840?gh_jid=7093840","Emerging Technology & Incubation","Austin, US","London, UK"
"Senior Systems Engineer, Workers AI","https://boards.greenhouse.io/cloudflare/jobs/7764827?gh_jid=7764827","Emerging Technology & Incubation","Austin, US","London, UK"
"Senior/Principal Product Manager - Durable Objects","https://boards.greenhouse.io/cloudflare/jobs/7731886?gh_jid=7731886","Emerging Technology & Incubation","Austin, US","New York, US"
"Senior/Principal Systems Engineer, Workers AI (AI/ML)","https://boards.greenhouse.io/cloudflare/jobs/6297179?gh_jid=6297179","Emerging Technology & Incubation","Austin, US","London, UK"
"Software Engineer, Workers Builds & Automation","https://boards.greenhouse.io/cloudflare/jobs/5733639?gh_jid=5733639","Emerging Technology & Incubation","Austin, US","Lisbon, Portugal"
"Software Engineer, Workers Deploy & Config","https://boards.greenhouse.io/cloudflare/jobs/7377424?gh_jid=7377424","Emerging Technology & Incubation","Austin, US","Lisbon, Portugal"
"Software Engineer, Workers Observability","https://boards.greenhouse.io/cloudflare/jobs/7505637?gh_jid=7505637","Emerging Technology & Incubation","London, UK",""
"Systems Engineer, Workers Authoring and Testing","https://boards.greenhouse.io/cloudflare/jobs/7104011?gh_jid=7104011","Emerging Technology & Incubation","Austin, US","London, UK"
"VP,  Developer Adoption","https://boards.greenhouse.io/cloudflare/jobs/6589672?gh_jid=6589672","Emerging Technology & Incubation","Austin, US","San Francisco, US"
"Analytics Engineer, FinTech","https://boards.greenhouse.io/cloudflare/jobs/7649684?gh_jid=7649684","Engineering","Lisbon, Portugal","London, UK"
"Business Systems Analyst","https://boards.greenhouse.io/cloudflare/jobs/6819455?gh_jid=6819455","Engineering","Austin, US","Lisbon, Portugal"
"Database Reliability Engineer","https://boards.greenhouse.io/cloudflare/jobs/7249558?gh_jid=7249558","Engineering","London, UK",""
"Detection & Mitigation Engineer","https://boards.greenhouse.io/cloudflare/jobs/7489019?gh_jid=7489019","Engineering","Mexico City, Mexico",""
"Developer Educator, Pages/Workers","https://boards.greenhouse.io/cloudflare/jobs/7354868?gh_jid=7354868","Engineering","San Francisco, US",""
"Distributed Systems Engineer - Data Platform - Analytical Database Platform","https://boards.greenhouse.io/cloudflare/jobs/4886734?gh_jid=4886734","Engineering","Lisbon, Portugal","London, UK"
"Distributed Systems Engineer - Data Platform - Analytics and Alerts","https://boards.greenhouse.io/cloudflare/jobs/7340474?gh_jid=7340474","Engineering","Lisbon, Portugal","London, UK"
"Distributed Systems Engineer - Data Platform - Logs and Audit Logs","https://boards.greenhouse.io/cloudflare/jobs/7340469?gh_jid=7340469","Engineering","Lisbon, Portugal","London, UK"
"Distributed Systems Engineer - Data Platform (Delivery, Database, Retrieval)","https://boards.greenhouse.io/cloudflare/jobs/7267602?gh_jid=7267602","Engineering","Lisbon, Portugal","London, UK"
"Distributed Systems Engineer - Data Platform (Delivery, Database, Retrieval)","https://boards.greenhouse.io/cloudflare/jobs/7462801?gh_jid=7462801","Engineering","Austin, US",""
"Engineering Director, Cloudflare One","https://boards.greenhouse.io/cloudflare/jobs/7670496?gh_jid=7670496","Engineering","London, UK",""
"Engineering Manager - Cloudforce One","https://boards.greenhouse.io/cloudflare/jobs/7167621?gh_jid=7167621","Engineering","London, UK",""
"Engineering Manager - Gateway","https://boards.greenhouse.io/cloudflare/jobs/7526467?gh_jid=7526467","Engineering","Lisbon, Portugal",""
"Engineering Manager - Security Platform","https://boards.greenhouse.io/cloudflare/jobs/7663425?gh_jid=7663425","Engineering","Atlanta, US","Austin, US"
"Engineering Manager, Linux Team","https://boards.greenhouse.io/cloudflare/jobs/7647474?gh_jid=7647474","Engineering","London, UK",""
"Engineering Manager, Traffic Management","https://boards.greenhouse.io/cloudflare/jobs/7524501?gh_jid=7524501","Engineering","Lisbon, Portugal","London, UK"
"Field Solutions Engineer","https://boards.greenhouse.io/cloudflare/jobs/6660802?gh_jid=6660802","Engineering","Mexico City, Mexico",""
"Frontend Engineer, UI Platform","https://boards.greenhouse.io/cloudflare/jobs/7559379?gh_jid=7559379","Engineering","Austin, US",""
"Machine Learning Engineer","https://boards.greenhouse.io/cloudflare/jobs/7603839?gh_jid=7603839","Engineering","Austin, US",""
"Platform Design Engineer (UX)","https://boards.greenhouse.io/cloudflare/jobs/7376614?gh_jid=7376614","Engineering","Austin, US","Lisbon, Portugal"
"Principal Billing Systems Engineer","https://boards.greenhouse.io/cloudflare/jobs/7404591?gh_jid=7404591","Engineering","Austin, US",""
"Principal Software Engineer","https://boards.greenhouse.io/cloudflare/jobs/7376838?gh_jid=7376838","Engineering","Atlanta, US","Austin, US"
"Principal Software Engineer - Billing","https://boards.greenhouse.io/cloudflare/jobs/7379773?gh_jid=7379773","Engineering","Lisbon, Portugal","London, UK"
"Principal Software Engineer: Resiliency","https://boards.greenhouse.io/cloudflare/jobs/6709422?gh_jid=6709422","Engineering","Austin, US","Washington DC, US"
"Principal Systems Engineer, Data","https://boards.greenhouse.io/cloudflare/jobs/7488760?gh_jid=7488760","Engineering","Atlanta, US","Austin, US"
"Principal Systems Engineer, FL","https://boards.greenhouse.io/cloudflare/jobs/7267426?gh_jid=7267426","Engineering","Lisbon, Portugal","London, UK"
"Principal Systems Engineer, IPC","https://boards.greenhouse.io/cloudflare/jobs/7267394?gh_jid=7267394","Engineering","Lisbon, Portugal","London, UK"
"Senior Dev GTM","https://boards.greenhouse.io/cloudflare/jobs/7421357?gh_jid=7421357","Engineering","Atlanta, US","Austin, US"
"Senior Engineering Manager, Billing","https://boards.greenhouse.io/cloudflare/jobs/7203471?gh_jid=7203471","Engineering","Austin, US",""
"Senior Frontend Software Engineer - Billing","https://boards.greenhouse.io/cloudflare/jobs/7379584?gh_jid=7379584","Engineering","Lisbon, Portugal","London, UK"
"Senior Manager, Solutions Architecture, AI & Developer Platform","https://boards.greenhouse.io/cloudflare/jobs/7469508?gh_jid=7469508","Engineering","Austin, US","San Francisco, US"
"Senior Software Engineer - Backend","https://boards.greenhouse.io/cloudflare/jobs/7244991?gh_jid=7244991","Engineering","Bengaluru, India",""
"Senior Software Engineer - Billing","https://boards.greenhouse.io/cloudflare/jobs/7282689?gh_jid=7282689","Engineering","Lisbon, Portugal","London, UK"
"Senior Software Engineer - Cloudflare One","https://boards.greenhouse.io/cloudflare/jobs/7116731?gh_jid=7116731","Engineering","Bengaluru, India",""
"Senior Software Engineer - Egress","https://boards.greenhouse.io/cloudflare/jobs/7463793?gh_jid=7463793","Engineering","Lisbon, Portugal","London, UK"
"Senior Software Engineer - Network Dev","https://boards.greenhouse.io/cloudflare/jobs/7167953?gh_jid=7167953","Engineering","Bengaluru, India",""
"Senior Software Engineer - Registrar","https://boards.greenhouse.io/cloudflare/jobs/7496341?gh_jid=7496341","Engineering","Austin, US",""
"Senior Software Engineer - Registrar","https://boards.greenhouse.io/cloudflare/jobs/7574493?gh_jid=7574493","Engineering","Lisbon, Portugal",""
"Senior Software Engineer - Traffic Management","https://boards.greenhouse.io/cloudflare/jobs/7463839?gh_jid=7463839","Engineering","Lisbon, Portugal","London, UK"
"Senior Software Engineer (Full Stack)","https://boards.greenhouse.io/cloudflare/jobs/7566807?gh_jid=7566807","Engineering","Bengaluru, India",""
"Senior Software Engineer, Enterprise Readiness","https://boards.greenhouse.io/cloudflare/jobs/7521014?gh_jid=7521014","Engineering","Atlanta, US","Austin, US"
"Senior Software Engineer, Network Performance & Reliability","https://boards.greenhouse.io/cloudflare/jobs/7446340?gh_jid=7446340","Engineering","Austin, US",""
"Senior Solutions Engineer, Shanghai","https://boards.greenhouse.io/cloudflare/jobs/7765245?gh_jid=7765245","Engineering","Beijing, China",""
"Senior Systems Engineer, Cloud App Control","https://boards.greenhouse.io/cloudflare/jobs/7606636?gh_jid=7606636","Engineering","Sydney, Australia",""
"Senior Systems Engineer, Edge","https://boards.greenhouse.io/cloudflare/jobs/7068271?gh_jid=7068271","Engineering","Bengaluru, India",""
"Senior Threat Intelligence Engineer","https://boards.greenhouse.io/cloudflare/jobs/7558153?gh_jid=7558153","Engineering","Austin, US",""
"Software Engineer - Data Security","https://boards.greenhouse.io/cloudflare/jobs/6866851?gh_jid=6866851","Engineering","Lisbon, Portugal","London, UK"
"Software Engineer - Load Balancing","https://boards.greenhouse.io/cloudflare/jobs/7404432?gh_jid=7404432","Engineering","Austin, US",""
"Software Engineer - Network Platforms","https://boards.greenhouse.io/cloudflare/jobs/7541032?gh_jid=7541032","Engineering","Lisbon, Portugal","London, UK"
"Software Engineer - Platforms & Productivity","https://boards.greenhouse.io/cloudflare/jobs/6972536?gh_jid=6972536","Engineering","Bengaluru, India",""
"Software Engineer - Registrar","https://boards.greenhouse.io/cloudflare/jobs/7495224?gh_jid=7495224","Engineering","Austin, US",""
"Software Engineer - Security Platform","https://boards.greenhouse.io/cloudflare/jobs/7053411?gh_jid=7053411","Engineering","Atlanta, US","Austin, US"
"Software Engineer - Traffic Management","https://boards.greenhouse.io/cloudflare/jobs/7469429?gh_jid=7469429","Engineering","Lisbon, Portugal","London, UK"
"Software Engineer - Traffic Management","https://boards.greenhouse.io/cloudflare/jobs/7477711?gh_jid=7477711","Engineering","Austin, US",""
"Software Engineer- Resiliency","https://boards.greenhouse.io/cloudflare/jobs/6980179?gh_jid=6980179","Engineering","Bengaluru, India",""
"Software Engineer- Resiliency","https://boards.greenhouse.io/cloudflare/jobs/7748727?gh_jid=7748727","Engineering","Bengaluru, India",""
"Software Engineer, Cloudforce One","https://boards.greenhouse.io/cloudflare/jobs/7309174?gh_jid=7309174","Engineering","Austin, US","Lisbon, Portugal"
"Software Engineer, Developer Tools and Productivity","https://boards.greenhouse.io/cloudflare/jobs/7434052?gh_jid=7434052","Engineering","London, UK",""
"Software Engineer, Enterprise Integrations","https://boards.greenhouse.io/cloudflare/jobs/7336735?gh_jid=7336735","Engineering","Austin, US",""
"Software Engineer, Global Resource Management","https://boards.greenhouse.io/cloudflare/jobs/7340134?gh_jid=7340134","Engineering","Austin, US",""
"Software Engineer, Growth","https://boards.greenhouse.io/cloudflare/jobs/6885717?gh_jid=6885717","Engineering","Atlanta, US","Austin, US"
"Software Engineer, Identity Access Management","https://boards.greenhouse.io/cloudflare/jobs/6621615?gh_jid=6621615","Engineering","Austin, US",""
"Software Engineer, Network Performance & Reliability","https://boards.greenhouse.io/cloudflare/jobs/7446310?gh_jid=7446310","Engineering","Austin, US",""
"Software Engineer, Service Automation (Kubernetes)","https://boards.greenhouse.io/cloudflare/jobs/7066923?gh_jid=7066923","Engineering","Austin, US",""
"Software Engineer: Distributed Systems (Infrastructure)","https://boards.greenhouse.io/cloudflare/jobs/7088208?gh_jid=7088208","Engineering","Austin, US","Washington DC, US"
"Software Engineer: Resiliency - Deploy at Scale","https://boards.greenhouse.io/cloudflare/jobs/7302931?gh_jid=7302931","Engineering","Austin, US","Washington DC, US"
"Solutions Architect, AI/Cloudflare Developer Platform","https://boards.greenhouse.io/cloudflare/jobs/7505582?gh_jid=7505582","Engineering","Austin, US","San Francisco, US"
"Solutions Engineer, South China","https://boards.greenhouse.io/cloudflare/jobs/7316913?gh_jid=7316913","Engineering","Beijing, China",""
"Specialist Solutions Engineer, Cloudflare One","https://boards.greenhouse.io/cloudflare/jobs/7551847?gh_jid=7551847","Engineering","Seoul, South Korea",""
"Systems Engineer, Data","https://boards.greenhouse.io/cloudflare/jobs/7527453?gh_jid=7527453","Engineering","Austin, US",""
"Systems Engineer, MAPS","https://boards.greenhouse.io/cloudflare/jobs/7742773?gh_jid=7742773","Engineering","Austin, US",""
"Systems Engineer, Metrics and Alerting","https://boards.greenhouse.io/cloudflare/jobs/6673579?gh_jid=6673579","Engineering","Lisbon, Portugal","London, UK"
"Systems Engineer, SSL/TLS Team","https://boards.greenhouse.io/cloudflare/jobs/7542754?gh_jid=7542754","Engineering","Austin, US",""
"Systems Reliability Engineer","https://boards.greenhouse.io/cloudflare/jobs/7453074?gh_jid=7453074","Engineering","Austin, US",""
"Systems Test Engineer - Zero Trust Client","https://boards.greenhouse.io/cloudflare/jobs/7090232?gh_jid=7090232","Engineering","Austin, US",""
"Team Lead - Security Platform","https://boards.greenhouse.io/cloudflare/jobs/7663806?gh_jid=7663806","Engineering","Atlanta, US","Austin, US"
"Threat Advisory Engineer, Solutions Engineering","https://boards.greenhouse.io/cloudflare/jobs/6874151?gh_jid=6874151","Engineering","Mexico City, Mexico",""
"IT Operations Specialist  (Singapore)","https://boards.greenhouse.io/cloudflare/jobs/7649228?gh_jid=7649228","Information Technology","Singapore",""
"IT Product Manager Intern","https://boards.greenhouse.io/cloudflare/jobs/7740215?gh_jid=7740215","Information Technology","Austin, US",""
"Scrum Lead","https://boards.greenhouse.io/cloudflare/jobs/7569086?gh_jid=7569086","Information Technology","Austin, US",""
"Senior Finance Functional Consultant","https://boards.greenhouse.io/cloudflare/jobs/7609739?gh_jid=7609739","Information Technology","Bengaluru, India",""
"Senior IT Product Manager, Product & Pricing","https://boards.greenhouse.io/cloudflare/jobs/7392339?gh_jid=7392339","Information Technology","Austin, US",""
"Senior OCI and Fusion Administrator","https://boards.greenhouse.io/cloudflare/jobs/7609741?gh_jid=7609741","Information Technology","Bengaluru, India",""
"Software Engineer (Backend)","https://boards.greenhouse.io/cloudflare/jobs/7603643?gh_jid=7603643","Information Technology","Bengaluru, India",""
"Software Engineer- AI","https://boards.greenhouse.io/cloudflare/jobs/7603196?gh_jid=7603196","Information Technology","Bengaluru, India",""
"Workday Functional Specialist","https://boards.greenhouse.io/cloudflare/jobs/7481282?gh_jid=7481282","Information Technology","Bengaluru, India",""
"Workday Integration Specialist","https://boards.greenhouse.io/cloudflare/jobs/7481431?gh_jid=7481431","Information Technology","Bengaluru, India",""
"Cloud and AI Strategic Negotiator","https://boards.greenhouse.io/cloudflare/jobs/7435489?gh_jid=7435489","Infrastructure","Austin, US",""
"Data Center DCIM Program Leader - Infrastructure Operations","https://boards.greenhouse.io/cloudflare/jobs/7535803?gh_jid=7535803","Infrastructure","Atlanta, US","Austin, US"
"Data Center Infrastructure Management (DCIM) Administrator - Infrastructure Operations","https://boards.greenhouse.io/cloudflare/jobs/7736431?gh_jid=7736431","Infrastructure","Atlanta, US","Denver, US"
"Data Centre Security Compliance Public Sector Specialist","https://boards.greenhouse.io/cloudflare/jobs/7477769?gh_jid=7477769","Infrastructure","Austin, US",""
"Data Scientist, FinTech","https://boards.greenhouse.io/cloudflare/jobs/7547219?gh_jid=7547219","Infrastructure","Lisbon, Portugal","London, UK"
"Director of Network Deployment Engineering & Infrastructure Operations","https://boards.greenhouse.io/cloudflare/jobs/7241754?gh_jid=7241754","Infrastructure","Austin, US",""
"Infrastructure Deployment Engineer","https://boards.greenhouse.io/cloudflare/jobs/7370585?gh_jid=7370585","Infrastructure","Lisbon, Portugal","London, UK"
"Infrastructure Services Engineer","https://boards.greenhouse.io/cloudflare/jobs/7540934?gh_jid=7540934","Infrastructure","Lisbon, Portugal","London, UK"
"Network Deployment Engineer","https://boards.greenhouse.io/cloudflare/jobs/7538006?gh_jid=7538006","Infrastructure","Singapore","Sydney, Australia"
"Network Engineer","https://boards.greenhouse.io/cloudflare/jobs/7628395?gh_jid=7628395","Infrastructure","Bengaluru, India",""
"Principal Manager , ISP/Telco","https://boards.greenhouse.io/cloudflare/jobs/7353961?gh_jid=7353961","Infrastructure","Bengaluru, India",""
"Senior Atlassian System Admin","https://boards.greenhouse.io/cloudflare/jobs/7641930?gh_jid=7641930","Infrastructure","Lisbon, Portugal","London, UK"
"Systems Engineer, Frontend","https://boards.greenhouse.io/cloudflare/jobs/7436794?gh_jid=7436794","Infrastructure","Bengaluru, India",""
"Director, Head of US Public Policy","https://boards.greenhouse.io/cloudflare/jobs/7719561?gh_jid=7719561","Legal, Policy, Trust & Safety","Washington DC, US",""
"Legal Operations Analyst","https://boards.greenhouse.io/cloudflare/jobs/7261072?gh_jid=7261072","Legal, Policy, Trust & Safety","Austin, US","Los Angeles, US"
"Product Counsel","https://boards.greenhouse.io/cloudflare/jobs/7663334?gh_jid=7663334","Legal, Policy, Trust & Safety","Austin, US","San Francisco, US"
"Field Marketing Specialist, EMEA","https://boards.greenhouse.io/cloudflare/jobs/7567394?gh_jid=7567394","Marketing","Lisbon, Portugal","London, UK"
"Marketing Operations Architect (AI & Automation)","https://boards.greenhouse.io/cloudflare/jobs/7603606?gh_jid=7603606","Marketing","Austin, US",""
"Principal Marketing Manager - ASEAN (Singapore/Kuala Lumpur)","https://boards.greenhouse.io/cloudflare/jobs/7559459?gh_jid=7559459","Marketing","Kuala Lumpur, Malaysia","Singapore"
"Senior Director, Product Marketing - Application Security and Performance","https://boards.greenhouse.io/cloudflare/jobs/7290854?gh_jid=7290854","Marketing","Austin, US","New York, US"
"Senior Partner Marketing Manager - ANZ","https://boards.greenhouse.io/cloudflare/jobs/7593403?gh_jid=7593403","Marketing","Sydney, Australia","Australia"
"Senior Partner Marketing Manager - Greater China & iGaming & Entertainment","https://boards.greenhouse.io/cloudflare/jobs/7605233?gh_jid=7605233","Marketing","Singapore",""
"Senior Product Marketing Manager, Cybersecurity","https://boards.greenhouse.io/cloudflare/jobs/7006419?gh_jid=7006419","Marketing","Austin, US",""
"Sr. Growth Analyst (Web)","https://boards.greenhouse.io/cloudflare/jobs/7260763?gh_jid=7260763","Marketing","Austin, US","Lisbon, Portugal"
"Technology and Data Specialist (Marketing)","https://boards.greenhouse.io/cloudflare/jobs/7299368?gh_jid=7299368","Marketing","Bengaluru, India",""
"People Operations - HR Generalist","https://boards.greenhouse.io/cloudflare/jobs/7677212?gh_jid=7677212","People & Places","Munich, Germany",""
"People Ops Specialist","https://boards.greenhouse.io/cloudflare/jobs/7571177?gh_jid=7571177","People & Places","Lisbon, Portugal",""
"People Technology Operations Manager","https://boards.greenhouse.io/cloudflare/jobs/7561118?gh_jid=7561118","People & Places","Austin, US",""
"Principal People Team Business Partner - R&D","https://boards.greenhouse.io/cloudflare/jobs/7567848?gh_jid=7567848","People & Places","Austin, US",""
"Senior Manager, Global Internal Events","https://boards.greenhouse.io/cloudflare/jobs/7314484?gh_jid=7314484","People & Places","Austin, US","San Francisco, US"
"Senior People Operations Specialist","https://boards.greenhouse.io/cloudflare/jobs/7645657?gh_jid=7645657","People & Places","Bengaluru, India",""
"Senior People Team Business Partner","https://boards.greenhouse.io/cloudflare/jobs/7645910?gh_jid=7645910","People & Places","Bengaluru, India",""
"Senior Director, Pricing & Monetization","https://boards.greenhouse.io/cloudflare/jobs/7445425?gh_jid=7445425","Pricing & Monetization","Austin, US","San Francisco, US"
"Product Manager - Email Security","https://boards.greenhouse.io/cloudflare/jobs/7647554?gh_jid=7647554","Product","Atlanta, US","Austin, US"
"Product Manager (Control Plane)","https://boards.greenhouse.io/cloudflare/jobs/7302849?gh_jid=7302849","Product","Austin, US","New York, US"
"Product Manager, Developer Tools","https://boards.greenhouse.io/cloudflare/jobs/7462773?gh_jid=7462773","Product","Atlanta, US","Austin, US"
"Product Manager, FinTech","https://boards.greenhouse.io/cloudflare/jobs/7255981?gh_jid=7255981","Product","Austin, US","New York, US"
"Senior Cloudflare One GTM Specialist","https://boards.greenhouse.io/cloudflare/jobs/7547985?gh_jid=7547985","Product","Tokyo, Japan",""
"Senior CloudFlare One GTM Specialist, India","https://boards.greenhouse.io/cloudflare/jobs/7518811?gh_jid=7518811","Product","India",""
"Senior Director of Product Management, Data Security","https://boards.greenhouse.io/cloudflare/jobs/7021759?gh_jid=7021759","Product","Austin, US","Lisbon, Portugal"
"Senior Product Manager - Cloudflare One Appliance","https://boards.greenhouse.io/cloudflare/jobs/7746621?gh_jid=7746621","Product","Austin, US","Lisbon, Portugal"
"Senior Product Manager - Enterprise","https://boards.greenhouse.io/cloudflare/jobs/7589006?gh_jid=7589006","Product","Atlanta, US","Austin, US"
"Senior Product Manager, Adaptive Intelligence","https://boards.greenhouse.io/cloudflare/jobs/7144510?gh_jid=7144510","Product","Lisbon, Portugal","London, UK"
"Senior Product Manager, Application Performance","https://boards.greenhouse.io/cloudflare/jobs/7302743?gh_jid=7302743","Product","Austin, US","New York, US"
"Senior Product Manager, Cloudflare WAN","https://boards.greenhouse.io/cloudflare/jobs/7600080?gh_jid=7600080","Product","Austin, US","Denver, US"
"Senior Product Manager, DDoS","https://boards.greenhouse.io/cloudflare/jobs/7256649?gh_jid=7256649","Product","Lisbon, Portugal","London, UK"
"Senior Product Manager; Load Balancing","https://boards.greenhouse.io/cloudflare/jobs/7409997?gh_jid=7409997","Product","Austin, US","Denver, US"
"Vice President of Product Management, Cloudflare One","https://boards.greenhouse.io/cloudflare/jobs/7630417?gh_jid=7630417","Product","Austin, US",""
"Senior Infrastructure Tooling Software Engineer","https://boards.greenhouse.io/cloudflare/jobs/6257148?gh_jid=6257148","Production Engineering","Austin, US","Washington DC, US"
"Executive Engagement Principal Program Manager","https://boards.greenhouse.io/cloudflare/jobs/7671119?gh_jid=7671119","Program & Project Management","Austin, US","New York, US"
"Senior Technical Program Manager, Security","https://boards.greenhouse.io/cloudflare/jobs/7565737?gh_jid=7565737","Program & Project Management","Austin, US",""
"Account Executive Public Sector UKI Ministry Of Defence (MoD)","https://boards.greenhouse.io/cloudflare/jobs/7480799?gh_jid=7480799","Sales","London, UK",""
"Account Executive, Majors","https://boards.greenhouse.io/cloudflare/jobs/7649435?gh_jid=7649435","Sales","London, UK",""
"Account Executive, SLED","https://boards.greenhouse.io/cloudflare/jobs/7772900?gh_jid=7772900","Sales","Austin, US",""
"Account Executive, SLED (Great Lakes- IN, KY, OH, MI)","https://boards.greenhouse.io/cloudflare/jobs/7406425?gh_jid=7406425","Sales","US",""
"Application Security and Performance Consultant","https://boards.greenhouse.io/cloudflare/jobs/6366748?gh_jid=6366748","Sales","Lisbon, Portugal","London, UK"
"Business Development Representative","https://boards.greenhouse.io/cloudflare/jobs/7400242?gh_jid=7400242","Sales","Tokyo, Japan",""
"Business Development Representative - Arabic Speaking","https://boards.greenhouse.io/cloudflare/jobs/6696709?gh_jid=6696709","Sales","Dubai, UAE",""
"Business Development Representative - Czech Speaking","https://boards.greenhouse.io/cloudflare/jobs/7609850?gh_jid=7609850","Sales","Lisbon, Portugal","London, UK"
"Business Development Representative - Danish, Norwegian or Swedish Speaking","https://boards.greenhouse.io/cloudflare/jobs/7657028?gh_jid=7657028","Sales","Lisbon, Portugal","London, UK"
"Business Development Representative - Dutch Speaking","https://boards.greenhouse.io/cloudflare/jobs/7694407?gh_jid=7694407","Sales","Lisbon, Portugal","London, UK"
"Business Development Representative - French and Spanish Speaking","https://boards.greenhouse.io/cloudflare/jobs/7672804?gh_jid=7672804","Sales","Lisbon, Portugal","Paris, France"
"Business Development Representative - German or French Speaking","https://boards.greenhouse.io/cloudflare/jobs/7504489?gh_jid=7504489","Sales","Lisbon, Portugal","London, UK"
"Business Development Representative - Hebrew Speaking","https://boards.greenhouse.io/cloudflare/jobs/7609843?gh_jid=7609843","Sales","Lisbon, Portugal","London, UK"
"Business Development Representative - Turkish Speaking","https://boards.greenhouse.io/cloudflare/jobs/7772239?gh_jid=7772239","Sales","Dubai, UAE",""
"Business Development Representative (BDR)","https://boards.greenhouse.io/cloudflare/jobs/6557318?gh_jid=6557318","Sales","Austin, US",""
"Business Development Representative (BDR) - Canadian Market","https://boards.greenhouse.io/cloudflare/jobs/6791637?gh_jid=6791637","Sales","Austin, US",""
"Business Development Representative (BDR), LATAM (Brazil/Portuguese)","https://boards.greenhouse.io/cloudflare/jobs/6630469?gh_jid=6630469","Sales","Austin, US",""
"Business Development Representative, ASEAN (Bahasa speaking)","https://boards.greenhouse.io/cloudflare/jobs/7676967?gh_jid=7676967","Sales","Singapore",""
"Business Development Representative, ASEAN (Thai speaking)","https://boards.greenhouse.io/cloudflare/jobs/7667871?gh_jid=7667871","Sales","Singapore",""
"Business Development Representative, GCR (Beijing-based)","https://boards.greenhouse.io/cloudflare/jobs/7667703?gh_jid=7667703","Sales","Beijing, China",""
"Business Insights and Planning Manager","https://boards.greenhouse.io/cloudflare/jobs/7302947?gh_jid=7302947","Sales","San Francisco, US",""
"Cloudflare One GTM Specialist","https://boards.greenhouse.io/cloudflare/jobs/7648618?gh_jid=7648618","Sales","US",""
"Commercial Account Executive (German speaking)","https://boards.greenhouse.io/cloudflare/jobs/7478874?gh_jid=7478874","Sales","Switzerland",""
"Consultant, Developer Platform","https://boards.greenhouse.io/cloudflare/jobs/7383013?gh_jid=7383013","Sales","Lisbon, Portugal",""
"Consultant, Developer Platform","https://boards.greenhouse.io/cloudflare/jobs/7383015?gh_jid=7383015","Sales","Lisbon, Portugal",""
"Customer Solutions Engineer","https://boards.greenhouse.io/cloudflare/jobs/7547552?gh_jid=7547552","Sales","Atlanta, US","New York, US"
"Customer Solutions Engineer","https://boards.greenhouse.io/cloudflare/jobs/7504381?gh_jid=7504381","Sales","Bengaluru, India",""
"Customer Solutions Engineer","https://boards.greenhouse.io/cloudflare/jobs/7339081?gh_jid=7339081","Sales","Austin, US",""
"Customer Solutions Engineer","https://boards.greenhouse.io/cloudflare/jobs/7612243?gh_jid=7612243","Sales","London, UK",""
"Customer Solutions Engineer - Mandarin or Cantonese Speaking","https://boards.greenhouse.io/cloudflare/jobs/7495512?gh_jid=7495512","Sales","Kuala Lumpur, Malaysia",""
"Customer Solutions Engineer, ANZ","https://boards.greenhouse.io/cloudflare/jobs/7667911?gh_jid=7667911","Sales","Sydney, Australia",""
"Customer Success Manager","https://boards.greenhouse.io/cloudflare/jobs/7504375?gh_jid=7504375","Sales","Bengaluru, India",""
"Customer Success Manager","https://boards.greenhouse.io/cloudflare/jobs/7541212?gh_jid=7541212","Sales","Munich, Germany",""
"Customer Success Manager","https://boards.greenhouse.io/cloudflare/jobs/7547537?gh_jid=7547537","Sales","Austin, US",""
"Customer Success Manager","https://boards.greenhouse.io/cloudflare/jobs/7547572?gh_jid=7547572","Sales","Austin, US",""
"Customer Success Manager","https://boards.greenhouse.io/cloudflare/jobs/7547599?gh_jid=7547599","Sales","Atlanta, US","Austin, US"
"Customer Success Manager","https://boards.greenhouse.io/cloudflare/jobs/7547626?gh_jid=7547626","Sales","Austin, US",""
"Customer Success Manager, EMEA","https://boards.greenhouse.io/cloudflare/jobs/7577962?gh_jid=7577962","Sales","London, UK",""
"Developer GTM","https://boards.greenhouse.io/cloudflare/jobs/7422363?gh_jid=7422363","Sales","Munich, Germany",""
"Digital Customer Solutions Engineer (AMER)","https://boards.greenhouse.io/cloudflare/jobs/7591836?gh_jid=7591836","Sales","Bengaluru, India",""
"Digital Customer Solutions Engineer (APAC/EMEA)","https://boards.greenhouse.io/cloudflare/jobs/7591808?gh_jid=7591808","Sales","Bengaluru, India",""
"Digital Solutions Engineer","https://boards.greenhouse.io/cloudflare/jobs/7671993?gh_jid=7671993","Sales","Kuala Lumpur, Malaysia",""
"Director of Growth Programs","https://boards.greenhouse.io/cloudflare/jobs/7579330?gh_jid=7579330","Sales","Austin, US","New York, US"
"Director of Sales, Digital Native","https://boards.greenhouse.io/cloudflare/jobs/7190081?gh_jid=7190081","Sales","San Francisco, US",""
"Director, Enterprise Sales, Japan","https://boards.greenhouse.io/cloudflare/jobs/7374496?gh_jid=7374496","Sales","Tokyo, Japan",""
"Director, Partner Solutions Engineering EMEA","https://boards.greenhouse.io/cloudflare/jobs/7547171?gh_jid=7547171","Sales","London, UK",""
"Director, Professional Services & Customer Success - Japan","https://boards.greenhouse.io/cloudflare/jobs/7625906?gh_jid=7625906","Sales","Tokyo, Japan",""
"Director, Sales Enablement, EMEA","https://boards.greenhouse.io/cloudflare/jobs/7480795?gh_jid=7480795","Sales","London, UK",""
"EMEA Onboarding Lead","https://boards.greenhouse.io/cloudflare/jobs/7620498?gh_jid=7620498","Sales","London, UK",""
"Field CISO, Latam","https://boards.greenhouse.io/cloudflare/jobs/7555521?gh_jid=7555521","Sales","Mexico City, Mexico",""
"Field CISO, Pacific Northwest","https://boards.greenhouse.io/cloudflare/jobs/7179530?gh_jid=7179530","Sales","Seattle, US",""
"Inside Partner Account Manager, ANZ","https://boards.greenhouse.io/cloudflare/jobs/7645594?gh_jid=7645594","Sales","Sydney, Australia",""
"Inside Sales Representative, GCR","https://boards.greenhouse.io/cloudflare/jobs/7431381?gh_jid=7431381","Sales","Beijing, China",""
"Inside Sales Representative, iGaming & Entertainment (Mandarin speaking)","https://boards.greenhouse.io/cloudflare/jobs/7431385?gh_jid=7431385","Sales","Singapore",""
"Major Account Executive, France","https://boards.greenhouse.io/cloudflare/jobs/7552575?gh_jid=7552575","Sales","Paris, France",""
"Manager, BDR - SAARC","https://boards.greenhouse.io/cloudflare/jobs/7756883?gh_jid=7756883","Sales","Bengaluru, India",""
"Manager, Inside Sales","https://boards.greenhouse.io/cloudflare/jobs/7508494?gh_jid=7508494","Sales","Singapore","Sydney, Australia"
"Mid Market Senior Solutions Engineer, London","https://boards.greenhouse.io/cloudflare/jobs/7378049?gh_jid=7378049","Sales","London, UK",""
"Named Account Executive","https://boards.greenhouse.io/cloudflare/jobs/6540163?gh_jid=6540163","Sales","Mexico City, Mexico",""
"Partner Account Manager, Turkey & Qatar","https://boards.greenhouse.io/cloudflare/jobs/7544014?gh_jid=7544014","Sales","Dubai, UAE",""
"Partner Solutions Architect - Service Provider, APAC (Based in Singapore)","https://boards.greenhouse.io/cloudflare/jobs/7589389?gh_jid=7589389","Sales","Singapore",""
"Partner Solutions Engineer, UK&I","https://boards.greenhouse.io/cloudflare/jobs/7210482?gh_jid=7210482","Sales","London, UK",""
"Principal Customer Solutions Engineer","https://boards.greenhouse.io/cloudflare/jobs/7559916?gh_jid=7559916","Sales","Munich, Germany","Germany"
"Principal Partner Account Manager - GSI, APJC (Based in Singapore)","https://boards.greenhouse.io/cloudflare/jobs/7573691?gh_jid=7573691","Sales","Singapore",""
"Principal Partner Account Manager - Service Provider, APAC (Based in Singapore / Sydney)","https://boards.greenhouse.io/cloudflare/jobs/7573757?gh_jid=7573757","Sales","Singapore","Sydney, Australia"
"Principal Partner Global Account Manager, GSI's","https://boards.greenhouse.io/cloudflare/jobs/6501746?gh_jid=6501746","Sales","Austin, US","Denver, US"
"Professional Services Consultant","https://boards.greenhouse.io/cloudflare/jobs/7572075?gh_jid=7572075","Sales","Austin, US","US"
"Professional Services Consultant, Application Services","https://boards.greenhouse.io/cloudflare/jobs/7547693?gh_jid=7547693","Sales","Austin, US",""
"Professional Services Consultant, Network Services","https://boards.greenhouse.io/cloudflare/jobs/7583904?gh_jid=7583904","Sales","US",""
"Regional Sales Manager, Mid Market","https://boards.greenhouse.io/cloudflare/jobs/7235078?gh_jid=7235078","Sales","Paris, France",""
"Renewal Account Manager","https://boards.greenhouse.io/cloudflare/jobs/7656645?gh_jid=7656645","Sales","Austin, US",""
"Renewal Account Manager - LATAM","https://boards.greenhouse.io/cloudflare/jobs/7651342?gh_jid=7651342","Sales","Austin, US",""
"Renewals Account Manager - Russian Speaking","https://boards.greenhouse.io/cloudflare/jobs/7241874?gh_jid=7241874","Sales","Lisbon, Portugal","London, UK"
"Renewals Account Manager (Based in Kuala Lumpur/Singapore)","https://boards.greenhouse.io/cloudflare/jobs/7698114?gh_jid=7698114","Sales","Kuala Lumpur, Malaysia",""
"Resident Consultant, Professional Services","https://boards.greenhouse.io/cloudflare/jobs/7508499?gh_jid=7508499","Sales","Sydney, Australia",""
"Resident Consultant, Professional Services","https://boards.greenhouse.io/cloudflare/jobs/7547668?gh_jid=7547668","Sales","San Francisco, US",""
"Sales Manager, Gaming & iGaming","https://boards.greenhouse.io/cloudflare/jobs/7353450?gh_jid=7353450","Sales","Amsterdam, Netherlands","London, UK"
"Senior  Manager, Digital Native UKI","https://boards.greenhouse.io/cloudflare/jobs/7479271?gh_jid=7479271","Sales","London, UK",""
"Senior Account Executive, Network Sales","https://boards.greenhouse.io/cloudflare/jobs/7683461?gh_jid=7683461","Sales","London, UK",""
"Senior Account Executive, Start-ups (Bay Area)","https://boards.greenhouse.io/cloudflare/jobs/7684311?gh_jid=7684311","Sales","San Francisco, US",""
"Senior Account Executive, Start-ups (NYC)","https://boards.greenhouse.io/cloudflare/jobs/7681220?gh_jid=7681220","Sales","New York, US",""
"Senior Cloudflare One GTM Specialist","https://boards.greenhouse.io/cloudflare/jobs/7474091?gh_jid=7474091","Sales","US",""
"Senior Cloudflare One GTM Specialist","https://boards.greenhouse.io/cloudflare/jobs/7534033?gh_jid=7534033","Sales","Dubai, UAE",""
"Senior Cloudflare One GTM Specialist","https://boards.greenhouse.io/cloudflare/jobs/7646678?gh_jid=7646678","Sales","France","Germany"
"Senior Cloudflare One Specialist Solutions Engineer, US East","https://boards.greenhouse.io/cloudflare/jobs/7542636?gh_jid=7542636","Sales","Atlanta, US","New York, US"
"Senior Commercial Account Executive, Israel","https://boards.greenhouse.io/cloudflare/jobs/7095765?gh_jid=7095765","Sales","Amsterdam, Netherlands","Lisbon, Portugal"
"Senior Customer Solutions Engineer","https://boards.greenhouse.io/cloudflare/jobs/7612689?gh_jid=7612689","Sales","London, UK",""
"Senior Customer Solutions Engineer","https://boards.greenhouse.io/cloudflare/jobs/7646137?gh_jid=7646137","Sales","Sweden",""
"Senior Customer Solutions Engineer","https://boards.greenhouse.io/cloudflare/jobs/7677798?gh_jid=7677798","Sales","Munich, Germany","Germany"
"Senior Customer Success Manager, Nordics","https://boards.greenhouse.io/cloudflare/jobs/7358930?gh_jid=7358930","Sales","Sweden",""
"Senior Developer GTM","https://boards.greenhouse.io/cloudflare/jobs/7422358?gh_jid=7422358","Sales","Sweden",""
"Senior Director of Solution Engineering, Enterprise","https://boards.greenhouse.io/cloudflare/jobs/7718823?gh_jid=7718823","Sales","US",""
"Senior GTM Sales strategist - Developer Platform","https://boards.greenhouse.io/cloudflare/jobs/7688559?gh_jid=7688559","Sales","Sweden",""
"Senior Major Account Executive, Benelux","https://boards.greenhouse.io/cloudflare/jobs/7563206?gh_jid=7563206","Sales","Netherlands",""
"Senior Majors Account Executive - Bentonville, AR","https://boards.greenhouse.io/cloudflare/jobs/7361503?gh_jid=7361503","Sales","US",""
"Senior Majors Account Executive - Cincinnati/Lexington","https://boards.greenhouse.io/cloudflare/jobs/7362031?gh_jid=7362031","Sales","US",""
"Senior Majors Account Executive - Cleveland, OH","https://boards.greenhouse.io/cloudflare/jobs/7362019?gh_jid=7362019","Sales","US",""
"Senior Majors Account Executive - Columbus, OH","https://boards.greenhouse.io/cloudflare/jobs/7362011?gh_jid=7362011","Sales","US",""
"Senior Majors Account Executive - New Jersey","https://boards.greenhouse.io/cloudflare/jobs/7535109?gh_jid=7535109","Sales","US",""
"Senior Majors Account Executive - Philadelphia, PA or New Jersey","https://boards.greenhouse.io/cloudflare/jobs/7262995?gh_jid=7262995","Sales","US",""
"Senior Majors Account Executive - San Francisco, Bay Area","https://boards.greenhouse.io/cloudflare/jobs/7361295?gh_jid=7361295","Sales","San Francisco, US",""
"Senior Majors Account Executive (Suisse Romande)","https://boards.greenhouse.io/cloudflare/jobs/7768699?gh_jid=7768699","Sales","Switzerland",""
"Senior Majors Account Executive, Atlanta","https://boards.greenhouse.io/cloudflare/jobs/7186991?gh_jid=7186991","Sales","Atlanta, US",""
"Senior Majors Account Executive, Canada","https://boards.greenhouse.io/cloudflare/jobs/7474034?gh_jid=7474034","Sales","Ontario, Canada","Quebec, Canada"
"Senior Majors Account Executive, Finance","https://boards.greenhouse.io/cloudflare/jobs/7377639?gh_jid=7377639","Sales","Munich, Germany","Germany"
"Senior Majors Account Executive, New York","https://boards.greenhouse.io/cloudflare/jobs/7554128?gh_jid=7554128","Sales","US",""
"Senior Majors Account Executive, New York","https://boards.greenhouse.io/cloudflare/jobs/7747324?gh_jid=7747324","Sales","New York, US",""
"Senior Majors Account Executive, Pharma & Healthcare","https://boards.greenhouse.io/cloudflare/jobs/6545198?gh_jid=6545198","Sales","Munich, Germany","Germany"
"Senior Majors Accounts Solutions Engineer","https://boards.greenhouse.io/cloudflare/jobs/6393993?gh_jid=6393993","Sales","Paris, France",""
"Senior Majors Solutions Engineer","https://boards.greenhouse.io/cloudflare/jobs/7378442?gh_jid=7378442","Sales","London, UK",""
"Senior Manager Solutions Engineer","https://boards.greenhouse.io/cloudflare/jobs/7553460?gh_jid=7553460","Sales","Paris, France",""
"Senior Manager, Partner Services APJC","https://boards.greenhouse.io/cloudflare/jobs/7590481?gh_jid=7590481","Sales","Singapore",""
"Senior Manager, Sales (India)","https://boards.greenhouse.io/cloudflare/jobs/7755622?gh_jid=7755622","Sales","Remote, India",""
"Senior Manager, Solutions Engineering","https://boards.greenhouse.io/cloudflare/jobs/7493333?gh_jid=7493333","Sales","Switzerland",""
"Senior Manager, Solutions Engineering Northern Europe","https://boards.greenhouse.io/cloudflare/jobs/7439830?gh_jid=7439830","Sales","Sweden",""
"Senior Named Account Executive - Beijing","https://boards.greenhouse.io/cloudflare/jobs/7756494?gh_jid=7756494","Sales","Beijing, China",""
"Senior Named Account Executive, Atlanta","https://boards.greenhouse.io/cloudflare/jobs/7627698?gh_jid=7627698","Sales","Atlanta, US","US"
"Senior Named Account Executive, Austrian Market","https://boards.greenhouse.io/cloudflare/jobs/7734789?gh_jid=7734789","Sales","Munich, Germany","Switzerland"
"Senior Named Account Executive, Bavaria","https://boards.greenhouse.io/cloudflare/jobs/7526108?gh_jid=7526108","Sales","Munich, Germany",""
"Senior Named Account Executive, Bengaluru/Delhi","https://boards.greenhouse.io/cloudflare/jobs/7405115?gh_jid=7405115","Sales","India",""
"Senior Named Account Executive, Canada","https://boards.greenhouse.io/cloudflare/jobs/6199146?gh_jid=6199146","Sales","Ontario, Canada","Quebec, Canada"
"Senior Named Account Executive, CIS Region","https://boards.greenhouse.io/cloudflare/jobs/7317336?gh_jid=7317336","Sales","Munich, Germany",""
"Senior Named Account Executive, CIS Region","https://boards.greenhouse.io/cloudflare/jobs/7735965?gh_jid=7735965","Sales","Amsterdam, Netherlands","Lisbon, Portugal"
"Senior Named Account Executive, Delhi","https://boards.greenhouse.io/cloudflare/jobs/7685926?gh_jid=7685926","Sales","India",""
"Senior Named Account Executive, Digital Natives - Saudi Arabia","https://boards.greenhouse.io/cloudflare/jobs/7462328?gh_jid=7462328","Sales","Dubai, UAE",""
"Senior Named Account Executive, FedCiv","https://boards.greenhouse.io/cloudflare/jobs/7695702?gh_jid=7695702","Sales","Washington DC, US",""
"Senior Named Account Executive, Gaming & iGaming","https://boards.greenhouse.io/cloudflare/jobs/7462504?gh_jid=7462504","Sales","Amsterdam, Netherlands","Lisbon, Portugal"
"Senior Named Account Executive, Israel - Digital Natives","https://boards.greenhouse.io/cloudflare/jobs/7476724?gh_jid=7476724","Sales","Amsterdam, Netherlands","Lisbon, Portugal"
"Senior Named Account Executive, Japan","https://boards.greenhouse.io/cloudflare/jobs/7421718?gh_jid=7421718","Sales","Tokyo, Japan",""
"Senior Named Account Executive, Melbourne","https://boards.greenhouse.io/cloudflare/jobs/7731007?gh_jid=7731007","Sales","Australia",""
"Senior Named Account Executive, Mumbai","https://boards.greenhouse.io/cloudflare/jobs/7405119?gh_jid=7405119","Sales","India",""
"Senior Named Account Executive, Mumbai","https://boards.greenhouse.io/cloudflare/jobs/7543760?gh_jid=7543760","Sales","India",""
"Senior Named Account Executive, Nashville","https://boards.greenhouse.io/cloudflare/jobs/7472490?gh_jid=7472490","Sales","US",""
"Senior Named Account Executive, New York","https://boards.greenhouse.io/cloudflare/jobs/7215916?gh_jid=7215916","Sales","New York, US",""
"Senior Named Account Executive, Nordics","https://boards.greenhouse.io/cloudflare/jobs/7668318?gh_jid=7668318","Sales","Sweden",""
"Senior Named Account Executive, Philippines","https://boards.greenhouse.io/cloudflare/jobs/7262056?gh_jid=7262056","Sales","Singapore",""
"Senior Named Account Executive, Public Sector, Canada","https://boards.greenhouse.io/cloudflare/jobs/7668594?gh_jid=7668594","Sales","Ontario, Canada",""
"Senior Named Account Executive, Qatar","https://boards.greenhouse.io/cloudflare/jobs/7408199?gh_jid=7408199","Sales","Dubai, UAE",""
"Senior Named Account Executive, South Africa","https://boards.greenhouse.io/cloudflare/jobs/6558614?gh_jid=6558614","Sales","Dubai, UAE",""
"Senior Named Account Executive, South China","https://boards.greenhouse.io/cloudflare/jobs/7231302?gh_jid=7231302","Sales","Beijing, China",""
"Senior Named Account Executive, Spain","https://boards.greenhouse.io/cloudflare/jobs/7272028?gh_jid=7272028","Sales","Spain",""
"Senior Named Solutions Engineer, Public Sector","https://boards.greenhouse.io/cloudflare/jobs/6539277?gh_jid=6539277","Sales","London, UK",""
"Senior Named Solutions Engineer, UKI","https://boards.greenhouse.io/cloudflare/jobs/7515882?gh_jid=7515882","Sales","London, UK",""
"Senior Network Sales Specialist","https://boards.greenhouse.io/cloudflare/jobs/7629368?gh_jid=7629368","Sales","Austin, US","New York, US"
"Senior Network Sales Specialist","https://boards.greenhouse.io/cloudflare/jobs/7629597?gh_jid=7629597","Sales","London, UK",""
"Senior Network Sales Specialist, APJC (Based in Singapore / Sydney)","https://boards.greenhouse.io/cloudflare/jobs/7629633?gh_jid=7629633","Sales","Singapore","Sydney, Australia"
"Senior Partner Account Manager, ANZ - Digital Natives (Based in Sydney/ Melbourne)","https://boards.greenhouse.io/cloudflare/jobs/7582038?gh_jid=7582038","Sales","Australia",""
"Senior Partner Account Manager, Service Provider","https://boards.greenhouse.io/cloudflare/jobs/7609925?gh_jid=7609925","Sales","Lisbon, Portugal","London, UK"
"Senior Partner Solutions Engineer, SAARC (India)","https://boards.greenhouse.io/cloudflare/jobs/7582021?gh_jid=7582021","Sales","India",""
"Senior Professional Services Consultant","https://boards.greenhouse.io/cloudflare/jobs/7714624?gh_jid=7714624","Sales","Singapore",""
"Senior Professional Services Devops Manager","https://boards.greenhouse.io/cloudflare/jobs/7533356?gh_jid=7533356","Sales","London, UK",""
"Senior Renewals Account Manager - Russian Speaking","https://boards.greenhouse.io/cloudflare/jobs/7241873?gh_jid=7241873","Sales","Lisbon, Portugal","London, UK"
"Senior Sales Manager, Digital Native Named (East)","https://boards.greenhouse.io/cloudflare/jobs/7766513?gh_jid=7766513","Sales","New York, US","US"
"Senior Sales Manager, Digital Native Named (San Francisco)","https://boards.greenhouse.io/cloudflare/jobs/7638215?gh_jid=7638215","Sales","San Francisco, US",""
"Senior Sales Manager, Digital Native Strategic","https://boards.greenhouse.io/cloudflare/jobs/7766869?gh_jid=7766869","Sales","San Francisco, US",""
"Senior Sales Manager, Enterprise","https://boards.greenhouse.io/cloudflare/jobs/7488267?gh_jid=7488267","Sales","Paris, France",""
"Senior Sales Manager, Israel","https://boards.greenhouse.io/cloudflare/jobs/7481202?gh_jid=7481202","Sales","Amsterdam, Netherlands","London, UK"
"Senior Sales Manager, SLED","https://boards.greenhouse.io/cloudflare/jobs/7684830?gh_jid=7684830","Sales","Austin, US",""
"Senior Solution Engineer - Mid Market - San Francisco","https://boards.greenhouse.io/cloudflare/jobs/7521551?gh_jid=7521551","Sales","San Francisco, US",""
"Senior Solution Engineer - Mid Market - San Francisco","https://boards.greenhouse.io/cloudflare/jobs/7701807?gh_jid=7701807","Sales","San Francisco, US",""
"Senior Solutions Architect","https://boards.greenhouse.io/cloudflare/jobs/6991269?gh_jid=6991269","Sales","Amsterdam, Netherlands","Lisbon, Portugal"
"Senior Solutions Engineer","https://boards.greenhouse.io/cloudflare/jobs/7341019?gh_jid=7341019","Sales","Washington DC, US",""
"Senior Solutions Engineer","https://boards.greenhouse.io/cloudflare/jobs/7404585?gh_jid=7404585","Sales","Los Angeles, US",""
"Senior Solutions Engineer","https://boards.greenhouse.io/cloudflare/jobs/7505995?gh_jid=7505995","Sales","Munich, Germany","Germany"
"Senior Solutions Engineer","https://boards.greenhouse.io/cloudflare/jobs/7518672?gh_jid=7518672","Sales","New York, US",""
"Senior Solutions Engineer - Digital Native Enterprise - West","https://boards.greenhouse.io/cloudflare/jobs/7518684?gh_jid=7518684","Sales","San Francisco, US",""
"Senior Solutions Engineer - Egypt, Kuwait & Bahrain","https://boards.greenhouse.io/cloudflare/jobs/7601630?gh_jid=7601630","Sales","Dubai, UAE",""
"Senior Solutions Engineer - Enterprise - San Francisco","https://boards.greenhouse.io/cloudflare/jobs/7537262?gh_jid=7537262","Sales","San Francisco, US",""
"Senior Solutions Engineer - Mid-Market","https://boards.greenhouse.io/cloudflare/jobs/7406531?gh_jid=7406531","Sales","US",""
"Senior Solutions Engineer - Mid-Market","https://boards.greenhouse.io/cloudflare/jobs/7524885?gh_jid=7524885","Sales","Atlanta, US",""
"Senior Solutions Engineer - Mid-Market - Austin","https://boards.greenhouse.io/cloudflare/jobs/7520499?gh_jid=7520499","Sales","Austin, US",""
"Senior Solutions Engineer - Mid-Market - Dallas","https://boards.greenhouse.io/cloudflare/jobs/7558268?gh_jid=7558268","Sales","Dallas, US",""
"Senior Solutions Engineer - Montreal, QC","https://boards.greenhouse.io/cloudflare/jobs/7714390?gh_jid=7714390","Sales","Quebec, Canada",""
"Senior Solutions Engineer - New England","https://boards.greenhouse.io/cloudflare/jobs/7518670?gh_jid=7518670","Sales","US",""
"Senior Solutions Engineer - NYC Tri-State","https://boards.greenhouse.io/cloudflare/jobs/7518699?gh_jid=7518699","Sales","New York, US",""
"Senior Solutions Engineer - Russian Speaking","https://boards.greenhouse.io/cloudflare/jobs/7275868?gh_jid=7275868","Sales","Amsterdam, Netherlands","London, UK"
"Senior Solutions Engineer, Delhi NCR","https://boards.greenhouse.io/cloudflare/jobs/7203676?gh_jid=7203676","Sales","India",""
"Senior Solutions Engineer, Digital Native","https://boards.greenhouse.io/cloudflare/jobs/7662538?gh_jid=7662538","Sales","London, UK",""
"Senior Solutions Engineer, Digital Native Business","https://boards.greenhouse.io/cloudflare/jobs/7380486?gh_jid=7380486","Sales","Dubai, UAE",""
"Senior Solutions Engineer, Enterprise Named - Mid Atlantic","https://boards.greenhouse.io/cloudflare/jobs/7435384?gh_jid=7435384","Sales","Washington DC, US",""
"Senior Solutions Engineer, Majors","https://boards.greenhouse.io/cloudflare/jobs/7374554?gh_jid=7374554","Sales","Denver, US",""
"Senior Solutions Engineer, Majors - Cincinatti, OH","https://boards.greenhouse.io/cloudflare/jobs/7522071?gh_jid=7522071","Sales","US",""
"Senior Solutions Engineer, Majors - Columbus OH","https://boards.greenhouse.io/cloudflare/jobs/7522014?gh_jid=7522014","Sales","US",""
"Senior Solutions Engineer, Majors - Kansas City, MO or St. Louis, MO","https://boards.greenhouse.io/cloudflare/jobs/7655747?gh_jid=7655747","Sales","US",""
"Senior Solutions Engineer, Majors - Tampa","https://boards.greenhouse.io/cloudflare/jobs/7618422?gh_jid=7618422","Sales","Miami, US",""
"Senior Solutions Engineer, Majors, Philadelphia or Pittsburgh","https://boards.greenhouse.io/cloudflare/jobs/7520051?gh_jid=7520051","Sales","US",""
"Senior Solutions Engineer, Majors, Raleigh, NC","https://boards.greenhouse.io/cloudflare/jobs/7520035?gh_jid=7520035","Sales","New York, US",""
"Senior Solutions Engineer, Majors, San Diego","https://boards.greenhouse.io/cloudflare/jobs/7551602?gh_jid=7551602","Sales","Los Angeles, US",""
"Senior Solutions Engineer, Majors, San Francisco","https://boards.greenhouse.io/cloudflare/jobs/7551589?gh_jid=7551589","Sales","San Francisco, US",""
"Senior Solutions Engineer, Named Accounts","https://boards.greenhouse.io/cloudflare/jobs/7518676?gh_jid=7518676","Sales","US",""
"Senior Solutions Engineer, Public Sector Federal","https://boards.greenhouse.io/cloudflare/jobs/7530475?gh_jid=7530475","Sales","Washington DC, US",""
"Senior Solutions Engineer, Russian Speaker","https://boards.greenhouse.io/cloudflare/jobs/7526134?gh_jid=7526134","Sales","Amsterdam, Netherlands","Lisbon, Portugal"
"Senior Solutions Engineer, SLED","https://boards.greenhouse.io/cloudflare/jobs/7530553?gh_jid=7530553","Sales","Seattle, US",""
"Senior Solutions Engineer, Ukrainian speaker","https://boards.greenhouse.io/cloudflare/jobs/7526029?gh_jid=7526029","Sales","Amsterdam, Netherlands","Lisbon, Portugal"
"Senior Solutions Engineer, US Enterprise Named, Southeast, Florida.","https://boards.greenhouse.io/cloudflare/jobs/7646281?gh_jid=7646281","Sales","Miami, US",""
"Senior Solutions Engineering Manager","https://boards.greenhouse.io/cloudflare/jobs/7507142?gh_jid=7507142","Sales","New York, US",""
"Senior Solutions Engineering Manager, Enterprise, Named Accounts","https://boards.greenhouse.io/cloudflare/jobs/7549312?gh_jid=7549312","Sales","New York, US",""
"Senior Specialist Solutions Engineer, Zero Trust - Japan","https://boards.greenhouse.io/cloudflare/jobs/7261894?gh_jid=7261894","Sales","Tokyo, Japan",""
"Senior Strategic Solutions Engineer, Bengaluru","https://boards.greenhouse.io/cloudflare/jobs/7593597?gh_jid=7593597","Sales","India",""
"Senior Technical Support Engineer, Developer Platform","https://boards.greenhouse.io/cloudflare/jobs/7268796?gh_jid=7268796","Sales","San Francisco, US",""
"Senior Territory Account Executive - Greek Speaking","https://boards.greenhouse.io/cloudflare/jobs/7476665?gh_jid=7476665","Sales","Amsterdam, Netherlands",""
"Senior Territory Account Executive - Web3","https://boards.greenhouse.io/cloudflare/jobs/7407769?gh_jid=7407769","Sales","Singapore",""
"Senior Territory Account Executive - West, China","https://boards.greenhouse.io/cloudflare/jobs/7412466?gh_jid=7412466","Sales","Beijing, China",""
"Senior Territory Account Executive (Denver or Salt Lake City)","https://boards.greenhouse.io/cloudflare/jobs/7645012?gh_jid=7645012","Sales","Denver, US",""
"Senior Territory Account Executive (Digital Native), ANZ (Based in Melbourne/ Sydney)","https://boards.greenhouse.io/cloudflare/jobs/7521318?gh_jid=7521318","Sales","Australia",""
"Senior Territory Account Executive (Oklahoma, Louisiana, Missouri or Kansas)","https://boards.greenhouse.io/cloudflare/jobs/7645010?gh_jid=7645010","Sales","US",""
"Senior Territory Account Executive, AI / Developer","https://boards.greenhouse.io/cloudflare/jobs/7405387?gh_jid=7405387","Sales","Beijing, China",""
"Senior Territory Account Executive, Hangzhou","https://boards.greenhouse.io/cloudflare/jobs/7262074?gh_jid=7262074","Sales","Beijing, China",""
"Senior Territory Account Executive, Japan","https://boards.greenhouse.io/cloudflare/jobs/7214508?gh_jid=7214508","Sales","Tokyo, Japan",""
"Senior Territory Account Executive, Poland","https://boards.greenhouse.io/cloudflare/jobs/6417720?gh_jid=6417720","Sales","Munich, Germany",""
"Senior Territory Account Executive, Shanghai","https://boards.greenhouse.io/cloudflare/jobs/7525180?gh_jid=7525180","Sales","Beijing, China",""
"Service Sales Consultant, Professional Services","https://boards.greenhouse.io/cloudflare/jobs/7547709?gh_jid=7547709","Sales","Atlanta, US","Austin, US"
"Solution Engineer - Mid-Market","https://boards.greenhouse.io/cloudflare/jobs/7654328?gh_jid=7654328","Sales","New York, US",""
"Solutions Engineer","https://boards.greenhouse.io/cloudflare/jobs/7242551?gh_jid=7242551","Sales","Munich, Germany",""
"Solutions Engineer","https://boards.greenhouse.io/cloudflare/jobs/7593565?gh_jid=7593565","Sales","Seoul, South Korea",""
"Solutions Engineer - Mid-Market SouthEast","https://boards.greenhouse.io/cloudflare/jobs/7599865?gh_jid=7599865","Sales","Atlanta, US",""
"Solutions Engineer - Vancouver","https://boards.greenhouse.io/cloudflare/jobs/7518666?gh_jid=7518666","Sales","British Columbia, Canada",""
"Solutions Engineer, Benelux","https://boards.greenhouse.io/cloudflare/jobs/7742347?gh_jid=7742347","Sales","Amsterdam, Netherlands",""
"Solutions Engineer, Central & Eastern Europe - Hebrew Speaking","https://boards.greenhouse.io/cloudflare/jobs/6530077?gh_jid=6530077","Sales","Amsterdam, Netherlands",""
"Solutions Engineer, Nordics","https://boards.greenhouse.io/cloudflare/jobs/7610071?gh_jid=7610071","Sales","Sweden",""
"Solutions Engineering Manager,","https://boards.greenhouse.io/cloudflare/jobs/7562159?gh_jid=7562159","Sales","Austin, US",""
"Solutions Engineering Manager, Commercial -  West","https://boards.greenhouse.io/cloudflare/jobs/7520215?gh_jid=7520215","Sales","Los Angeles, US",""
"Specialist Solutions Engineer","https://boards.greenhouse.io/cloudflare/jobs/7525971?gh_jid=7525971","Sales","Lisbon, Portugal",""
"Technical Account Manager","https://boards.greenhouse.io/cloudflare/jobs/7552424?gh_jid=7552424","Sales","Sydney, Australia",""
"Territory Account Executive","https://boards.greenhouse.io/cloudflare/jobs/6528593?gh_jid=6528593","Sales","Paris, France",""
"Territory Account Executive","https://boards.greenhouse.io/cloudflare/jobs/6541183?gh_jid=6541183","Sales","Mexico City, Mexico",""
"Territory Account Executive","https://boards.greenhouse.io/cloudflare/jobs/6542119?gh_jid=6542119","Sales","Tokyo, Japan",""
"Territory Account Executive - Digital Native Start Ups","https://boards.greenhouse.io/cloudflare/jobs/7493491?gh_jid=7493491","Sales","UK",""
"Territory Account Executive - Latin America","https://boards.greenhouse.io/cloudflare/jobs/6541229?gh_jid=6541229","Sales","Mexico City, Mexico",""
"Territory Account Executive, Alberta","https://boards.greenhouse.io/cloudflare/jobs/7263002?gh_jid=7263002","Sales","Alberta, Canada",""
"Territory Account Executive, BeLux","https://boards.greenhouse.io/cloudflare/jobs/7651369?gh_jid=7651369","Sales","Amsterdam, Netherlands","Netherlands"
"Territory Account Executive, Central Canada","https://boards.greenhouse.io/cloudflare/jobs/6199188?gh_jid=6199188","Sales","Ontario, Canada",""
"Territory Account Executive, Eastern Canada","https://boards.greenhouse.io/cloudflare/jobs/7767037?gh_jid=7767037","Sales","Quebec, Canada",""
"Territory Account Executive, Eastern Canada","https://boards.greenhouse.io/cloudflare/jobs/7767038?gh_jid=7767038","Sales","Quebec, Canada",""
"Territory Account Executive, Finland","https://boards.greenhouse.io/cloudflare/jobs/7679587?gh_jid=7679587","Sales","Sweden",""
"Territory Account Executive, Gaming","https://boards.greenhouse.io/cloudflare/jobs/7461177?gh_jid=7461177","Sales","Beijing, China",""
"Territory Account Executive, Indonesia","https://boards.greenhouse.io/cloudflare/jobs/7733835?gh_jid=7733835","Sales","Singapore",""
"Territory Account Executive, Nordics","https://boards.greenhouse.io/cloudflare/jobs/7486808?gh_jid=7486808","Sales","Sweden",""
"Virtual Solutions Engineer, Lisbon","https://boards.greenhouse.io/cloudflare/jobs/6934200?gh_jid=6934200","Sales","Lisbon, Portugal",""
"Application Security Engineer","https://boards.greenhouse.io/cloudflare/jobs/7185996?gh_jid=7185996","Security","Bengaluru, India",""
"Cloudforce One REACT Principal Consultant","https://boards.greenhouse.io/cloudflare/jobs/7389902?gh_jid=7389902","Security","Atlanta, US","Austin, US"
"Engineering Manager (Security)","https://boards.greenhouse.io/cloudflare/jobs/7667869?gh_jid=7667869","Security","Bengaluru, India",""
"Frontend Software Engineer - Cloudforce One","https://boards.greenhouse.io/cloudflare/jobs/7563764?gh_jid=7563764","Security","London, UK",""
"IAM Security Analyst","https://boards.greenhouse.io/cloudflare/jobs/6718525?gh_jid=6718525","Security","Bengaluru, India",""
"IAM Security Engineer","https://boards.greenhouse.io/cloudflare/jobs/7483707?gh_jid=7483707","Security","Bengaluru, India",""
"Principal Security Engineer (Cryptography & PKI)","https://boards.greenhouse.io/cloudflare/jobs/7633486?gh_jid=7633486","Security","Bengaluru, India",""
"Product/Application Security Manager","https://boards.greenhouse.io/cloudflare/jobs/7544038?gh_jid=7544038","Security","Bengaluru, India",""
"Response Analyst","https://boards.greenhouse.io/cloudflare/jobs/7528097?gh_jid=7528097","Security","Mexico City, Mexico",""
"Security Assurance Analyst","https://boards.greenhouse.io/cloudflare/jobs/7487259?gh_jid=7487259","Security","Bengaluru, India",""
"Security Engineer - Security Technology Delivery","https://boards.greenhouse.io/cloudflare/jobs/7412507?gh_jid=7412507","Security","Austin, US",""
"Security Systems Reliability Engineer","https://boards.greenhouse.io/cloudflare/jobs/7097407?gh_jid=7097407","Security","Lisbon, Portugal",""
"Security Systems Reliability Engineering Manager","https://boards.greenhouse.io/cloudflare/jobs/7613578?gh_jid=7613578","Security","Lisbon, Portugal",""
"Security Third Party Risk Management Specialist II","https://boards.greenhouse.io/cloudflare/jobs/7466548?gh_jid=7466548","Security","Lisbon, Portugal","London, UK"
"Security Third Party Risk Management Specialist III","https://boards.greenhouse.io/cloudflare/jobs/7534995?gh_jid=7534995","Security","Lisbon, Portugal","London, UK"
"Senior Security Engineer - Security Technology Delivery","https://boards.greenhouse.io/cloudflare/jobs/7053809?gh_jid=7053809","Security","Austin, US","Lisbon, Portugal"
"Senior Security Engineer - Security Technology Delivery","https://boards.greenhouse.io/cloudflare/jobs/7434858?gh_jid=7434858","Security","Austin, US",""
"Senior Security Systems Reliability Engineer","https://boards.greenhouse.io/cloudflare/jobs/7137244?gh_jid=7137244","Security","Lisbon, Portugal",""
"Senior Software Engineer (Security)","https://boards.greenhouse.io/cloudflare/jobs/7667849?gh_jid=7667849","Security","Bengaluru, India",""
"Senior Threat Researcher, East Asia","https://boards.greenhouse.io/cloudflare/jobs/6827894?gh_jid=6827894","Security","Austin, US","Denver, US"
"Software Engineer (Security)","https://boards.greenhouse.io/cloudflare/jobs/7667832?gh_jid=7667832","Security","Bengaluru, India",""
"Vice President, Identity & Access Management","https://boards.greenhouse.io/cloudflare/jobs/7583553?gh_jid=7583553","Security","Austin, US","New York, US"
"Strategy and M&A Lead","https://boards.greenhouse.io/cloudflare/jobs/7138086?gh_jid=7138086","Special Projects","Austin, US","New York, US"
"Strategic Industry Lead","https://boards.greenhouse.io/cloudflare/jobs/7374360?gh_jid=7374360","Strategy","London, UK",""
"Strategic Industry Lead","https://boards.greenhouse.io/cloudflare/jobs/7376705?gh_jid=7376705","Strategy","Singapore","Sydney, Australia"